{
  "args0": [
    {
      "type": "input_value",
      "name": "var",
      "check": "ArrayList"
    },
    {
      "type": "input_value",
      "name": "index",
      "check": "Number"
    }
  ],
  "inputsInline": true,
  "output": "JsonObject",
  "colour": "#5b3b77",
  "mcreator": {
    "group": "l18",
    "toolbox_id": "arraylist_lists",
    "toolbox_init": [
      "<value name=\"index\"><block type=\"math_number\"><field name=\"NUM\">0</field></block></value>"
    ],
    "inputs": [
      "index",
      "var"
    ]
  }
}
