{
  "args0": [
    {
      "type": "input_value",
      "name": "var",
      "check": "ArrayList"
    },
    {
      "type": "input_value",
      "name": "iterator",
      "check": "ArrayListEntry"
    },
    {
      "type": "input_statement",
      "name": "foreach"
    }
  ],
  "extensions": [
    "is_custom_loop"
  ],
  "inputsInline": true,
  "previousStatement": null,
  "nextStatement": null,
  "colour": "#a55ba5",
  "mcreator": {
    "group": "i00",
    "toolbox_id": "arraylist_iterations",
    "toolbox_init": [
      "<value name=\"iterator\"><block deletable=\"false\" movable=\"false\" enabled=\"false\" type=\"arraylist_iterator\"></block></value>"
    ],
    "inputs": [
      "var"
    ],
    "statements": [
      {
        "name": "foreach"
      }
    ]
  }
}
