{
  "args0": [
    {
      "type": "input_value",
      "name": "list",
      "check": "ArrayList"
    },
    {
      "type": "input_value",
      "name": "index",
      "check": "Number"
    },
    {
      "type": "field_input",
      "name": "object",
      "text": "Object"
    }
  ],
  "inputsInline": true,
  "output": "Boolean",
  "colour": "#675ba5",
  "mcreator": {
    "group": "u20",
    "toolbox_id": "arraylist_utils",
    "toolbox_init": [
      "<value name=\"index\"><block type=\"math_number\"><field name=\"NUM\">0</field></block></value>"
    ],
    "inputs": [
      "index",
      "list"
    ],
    "fields": [
      "object"
    ]
  }
}
