{
  "args0": [
    {
      "type": "input_value",
      "name": "list",
      "check": "ArrayList"
    },
    {
      "type": "input_value",
      "name": "index",
      "check": "Number"
    }
  ],
  "inputsInline": true,
  "output": "Boolean",
  "colour": "#80a55b",
  "mcreator": {
    "group": "u07",
    "toolbox_id": "arraylist_utils",
    "toolbox_init": [
      "<value name=\"index\"><block type=\"math_number\"><field name=\"NUM\">0</field></block></value>"
    ],
    "inputs": [
      "index",
      "list"
    ]
  }
}
